{
    "OBJECTS": {
        "path": "D:\\TIPE\\source\\tipe\\tipe\\scenes\\boudha_obj.obj"
    },
    "CAMERA": {
        "fov": 0.8575560450553894,
        "matrix": [
            [
                1.0,
                0.0,
                0.0,
                0.0
            ],
            [
                0.0,
                7.549790126404332e-08,
                -1.0,
                -1.2563343048095703
            ],
            [
                0.0,
                1.0,
                7.549790126404332e-08,
                0.0
            ],
            [
                0.0,
                0.0,
                0.0,
                1.0
            ]
        ],
        "ratio": 0.5
    },
    "SCENE_PRESETS": {
        "height": 700,
        "width": 350
    }
}