{
    "OBJECTS": {
        "path": "D:\\TIPE\\source\\tipe\\tipe\\scenes\\church_obj.obj"
    },
    "CAMERA": {
        "fov": 0.8575560450553894,
        "matrix": [
            [
                -0.07073728740215302,
                -7.530877610406606e-08,
                0.9974949955940247,
                68.4093246459961
            ],
            [
                0.9974949955940247,
                -5.340516917584637e-09,
                0.07073728740215302,
                3.493084669113159
            ],
            [
                0.0,
                1.0,
                7.549790126404332e-08,
                -34.826942443847656
            ],
            [
                0.0,
                0.0,
                0.0,
                1.0
            ]
        ],
        "ratio": 1.7777777777777777
    },
    "SCENE_PRESETS": {
        "height": 1080,
        "width": 1920
    }
}