{
    "OBJECTS": {
        "path": "D:\\TIPE\\source\\tipe\\tipe\\scenes\\church_2_obj.obj"
    },
    "CAMERA": {
        "fov": 0.8575560450553894,
        "matrix": [
            [
                0.02974850870668888,
                0.0455581396818161,
                0.9985186457633972,
                67.19253540039062
            ],
            [
                0.9995564818382263,
                1.0601744308835759e-11,
                -0.029779428616166115,
                -0.9599121809005737
            ],
            [
                -0.0013566953130066395,
                0.9989616870880127,
                -0.045537933707237244,
                -36.81555938720703
            ],
            [
                0.0,
                0.0,
                0.0,
                1.0
            ]
        ],
        "ratio": 1.7777777777777777
    },
    "SCENE_PRESETS": {
        "height": 1080,
        "width": 1920
    }
}